{"CA_improvement_mean_rat": 0.04159607774850496, "CA_improvement_pdb_num": 263, "test_tran_mean_loss": 1.489267616209474, "test_angle_mean_loss": 422.5669167573787, "valid_tran_mean_loss": 0.578917603045702, "valid_angle_mean_loss": 225.3639823913574, "avg_tran_loss_log_interval": 5.228055184693658, "avg_angle_loss_log_interval": 94.75623366445012, "step": 63800, "_timestamp": 1731680519, "_runtime": 105853, "_step": 319}