{"CA_improvement_mean_rat": 0.04926974823081842, "CA_improvement_pdb_num": 270, "test_tran_mean_loss": 1.4525569173053277, "test_angle_mean_loss": 413.68503474401047, "valid_tran_mean_loss": 0.5072787128388881, "valid_angle_mean_loss": 179.56082946777343, "avg_tran_loss_log_interval": 5.146244506835938, "avg_angle_loss_log_interval": 120.377138671875, "step": 104200, "_timestamp": 1731680823, "_runtime": 172676, "_step": 521}