{"CA_improvement_mean_rat": 0.044739925577891, "CA_improvement_pdb_num": 169, "test_tran_mean_loss": 1.4472068379025076, "test_angle_mean_loss": 447.72189704642807, "valid_tran_mean_loss": 0.6284679007530213, "valid_angle_mean_loss": 264.2839791107178, "avg_tran_loss_log_interval": 12.936414794921875, "avg_angle_loss_log_interval": 222.68228515625, "step": 4400, "_timestamp": 1731495929, "_runtime": 7530, "_step": 22}