{"CA_improvement_mean_rat": 0.04874869748410684, "CA_improvement_pdb_num": 267, "test_tran_mean_loss": 1.4646618882548217, "test_angle_mean_loss": 426.93140219065765, "valid_tran_mean_loss": 0.5840743422508239, "valid_angle_mean_loss": 237.07288047790527, "avg_tran_loss_log_interval": 10.278295593261719, "avg_angle_loss_log_interval": 216.9798046875, "step": 3800, "_timestamp": 1731574241, "_runtime": 6346, "_step": 19}