{"CA_improvement_mean_rat": 0.04626431188843666, "CA_improvement_pdb_num": 173, "test_tran_mean_loss": 1.442351975670654, "test_angle_mean_loss": 447.2777261812825, "valid_tran_mean_loss": 0.6293224768340587, "valid_angle_mean_loss": 264.14410537719726, "avg_tran_loss_log_interval": 11.3526220703125, "avg_angle_loss_log_interval": 213.45064453125, "step": 5800, "_timestamp": 1731506423, "_runtime": 9611, "_step": 29}