{"CA_improvement_mean_rat": 0.04737043927867458, "CA_improvement_pdb_num": 255, "test_tran_mean_loss": 1.4405328016651193, "test_angle_mean_loss": 417.2795514035816, "valid_tran_mean_loss": 0.5449779353290797, "valid_angle_mean_loss": 205.29714317321776, "avg_tran_loss_log_interval": 7.093504028320313, "avg_angle_loss_log_interval": 155.342861328125, "step": 36000, "_timestamp": 1731565869, "_runtime": 59208, "_step": 180}