{"CA_improvement_mean_rat": 0.04667280338592342, "CA_improvement_pdb_num": 168, "test_tran_mean_loss": 1.4364703595638275, "test_angle_mean_loss": 447.81308273441533, "valid_tran_mean_loss": 0.6303499071300029, "valid_angle_mean_loss": 263.88843803405763, "avg_tran_loss_log_interval": 11.162015380859375, "avg_angle_loss_log_interval": 225.79900390625, "step": 4200, "_timestamp": 1731495661, "_runtime": 7263, "_step": 21}