{"CA_improvement_mean_rat": 0.04720292475895733, "CA_improvement_pdb_num": 258, "test_tran_mean_loss": 1.4416667185646812, "test_angle_mean_loss": 416.96299463067174, "valid_tran_mean_loss": 0.5451057189702988, "valid_angle_mean_loss": 205.36781860351562, "avg_tran_loss_log_interval": 7.09517578125, "avg_angle_loss_log_interval": 155.355810546875, "step": 36000, "_timestamp": 1731565820, "_runtime": 59215, "_step": 180}