{"CA_improvement_mean_rat": 0.06407067977559826, "CA_improvement_pdb_num": 186, "test_tran_mean_loss": 1.3830962257444366, "test_angle_mean_loss": 433.0848439902313, "valid_tran_mean_loss": 0.6120166113972664, "valid_angle_mean_loss": 257.6797925567627, "avg_tran_loss_log_interval": 11.161146240234375, "avg_angle_loss_log_interval": 211.70455078125, "step": 6200, "_timestamp": 1731493388, "_runtime": 10374, "_step": 31}