{"CA_improvement_mean_rat": 0.0006014732291594542, "CA_improvement_pdb_num": 415, "test_tran_mean_loss": 2.725487763139088, "test_angle_mean_loss": 490.8223538359335, "valid_tran_mean_loss": 1.6926351153850556, "valid_angle_mean_loss": 468.7943283081055, "avg_tran_loss_log_interval": 16.27141357421875, "avg_angle_loss_log_interval": 268.2447265625, "step": 1000, "_timestamp": 1731482743, "_runtime": 1803, "_step": 5}