{"CA_improvement_mean_rat": 0.04746573332687245, "CA_improvement_pdb_num": 165, "test_tran_mean_loss": 1.439184613879924, "test_angle_mean_loss": 447.3121135648617, "valid_tran_mean_loss": 0.6292969213426113, "valid_angle_mean_loss": 264.11847045898435, "avg_tran_loss_log_interval": 14.94843505859375, "avg_angle_loss_log_interval": 218.09712890625, "step": 5600, "_timestamp": 1731506528, "_runtime": 9717, "_step": 28}